,traceid,timestamp,rpcid,um,rpctype,dm,interface,rt
0,0b133c1915919238193454000e5d37,219678,0.1.3.1.1.1.12,5cca70246befb1f4c9546d2912b9419dee54439218efa55a7a2e0e26e86ad749,mc,b1dbd3a649a3cc790fa12573c9c1aa00988e07a8818a2214208b9697238c1b11,,0
1,0b133c1915919238193454000e5d37,219684,0.1.3.1.1.14.19,5cca70246befb1f4c9546d2912b9419dee54439218efa55a7a2e0e26e86ad749,mc,b1dbd3a649a3cc790fa12573c9c1aa00988e07a8818a2214208b9697238c1b11,,1
2,0b133c1915919238193454000e5d37,219684,0.1.3.1.1.14.18,5cca70246befb1f4c9546d2912b9419dee54439218efa55a7a2e0e26e86ad749,mc,b1dbd3a649a3cc790fa12573c9c1aa00988e07a8818a2214208b9697238c1b11,,1
3,0b133c1915919238193454000e5d37,219684,0.1.3.1.1.14.4,5cca70246befb1f4c9546d2912b9419dee54439218efa55a7a2e0e26e86ad749,mc,b1dbd3a649a3cc790fa12573c9c1aa00988e07a8818a2214208b9697238c1b11,,1
4,0b133c1915919238193454000e5d37,219684,0.1.3.1.1.14.17,5cca70246befb1f4c9546d2912b9419dee54439218efa55a7a2e0e26e86ad749,mc,b1dbd3a649a3cc790fa12573c9c1aa00988e07a8818a2214208b9697238c1b11,,1
5,0b133c1915919238193454000e5d37,219684,0.1.3.1.1.14.16,5cca70246befb1f4c9546d2912b9419dee54439218efa55a7a2e0e26e86ad749,mc,b1dbd3a649a3cc790fa12573c9c1aa00988e07a8818a2214208b9697238c1b11,,1
6,0b133c1915919238193454000e5d37,219684,0.1.3.1.1.14.15,5cca70246befb1f4c9546d2912b9419dee54439218efa55a7a2e0e26e86ad749,mc,b1dbd3a649a3cc790fa12573c9c1aa00988e07a8818a2214208b9697238c1b11,,1
7,0b133c1915919238193454000e5d37,219684,0.1.3.1.1.14.14,5cca70246befb1f4c9546d2912b9419dee54439218efa55a7a2e0e26e86ad749,mc,b1dbd3a649a3cc790fa12573c9c1aa00988e07a8818a2214208b9697238c1b11,,1
8,0b133c1915919238193454000e5d37,219684,0.1.3.1.1.14.13,5cca70246befb1f4c9546d2912b9419dee54439218efa55a7a2e0e26e86ad749,mc,b1dbd3a649a3cc790fa12573c9c1aa00988e07a8818a2214208b9697238c1b11,,1
9,0b133c1915919238193454000e5d37,219684,0.1.3.1.1.14.12,5cca70246befb1f4c9546d2912b9419dee54439218efa55a7a2e0e26e86ad749,mc,b1dbd3a649a3cc790fa12573c9c1aa00988e07a8818a2214208b9697238c1b11,,1
10,0b133c1915919238193454000e5d37,219684,0.1.3.1.1.14.11,5cca70246befb1f4c9546d2912b9419dee54439218efa55a7a2e0e26e86ad749,mc,b1dbd3a649a3cc790fa12573c9c1aa00988e07a8818a2214208b9697238c1b11,,1
11,0b133c1915919238193454000e5d37,219604,0.1.3.1.5.12,4ab265f54516248ee8873be7d6441912456ce17e84f39918e01ddc4210e56da5,mc,fd6d86bd0fd550e717c1fdb82a33190a9fef216d87d53532da29f9fb47861148,,1
12,0b133c1915919238193454000e5d37,219604,0.1.3.1.5.1,4ab265f54516248ee8873be7d6441912456ce17e84f39918e01ddc4210e56da5,mc,fd6d86bd0fd550e717c1fdb82a33190a9fef216d87d53532da29f9fb47861148,,1
13,0b133c1915919238193454000e5d37,219678,0.1.3.1.1.1.11,5cca70246befb1f4c9546d2912b9419dee54439218efa55a7a2e0e26e86ad749,mc,b1dbd3a649a3cc790fa12573c9c1aa00988e07a8818a2214208b9697238c1b11,,0
14,0b133c1915919238193454000e5d37,219678,0.1.3.1.1.1.10,5cca70246befb1f4c9546d2912b9419dee54439218efa55a7a2e0e26e86ad749,mc,b1dbd3a649a3cc790fa12573c9c1aa00988e07a8818a2214208b9697238c1b11,,0
15,0b133c1915919238193454000e5d37,219678,0.1.3.1.1.1.9,5cca70246befb1f4c9546d2912b9419dee54439218efa55a7a2e0e26e86ad749,mc,b1dbd3a649a3cc790fa12573c9c1aa00988e07a8818a2214208b9697238c1b11,,0
16,0b133c1915919238193454000e5d37,219678,0.1.3.1.1.1.8,5cca70246befb1f4c9546d2912b9419dee54439218efa55a7a2e0e26e86ad749,mc,b1dbd3a649a3cc790fa12573c9c1aa00988e07a8818a2214208b9697238c1b11,,0
17,0b133c1915919238193454000e5d37,219678,0.1.3.1.1.1.16,5cca70246befb1f4c9546d2912b9419dee54439218efa55a7a2e0e26e86ad749,mc,b1dbd3a649a3cc790fa12573c9c1aa00988e07a8818a2214208b9697238c1b11,,1
18,0b133c1915919238193454000e5d37,219678,0.1.3.1.1.1.7,5cca70246befb1f4c9546d2912b9419dee54439218efa55a7a2e0e26e86ad749,mc,b1dbd3a649a3cc790fa12573c9c1aa00988e07a8818a2214208b9697238c1b11,,0
19,0b133c1915919238193454000e5d37,219678,0.1.3.1.1.4,5cca70246befb1f4c9546d2912b9419dee54439218efa55a7a2e0e26e86ad749,mc,b1dbd3a649a3cc790fa12573c9c1aa00988e07a8818a2214208b9697238c1b11,,0
20,0b133c1915919238193454000e5d37,219678,0.1.3.1.1.4,5cca70246befb1f4c9546d2912b9419dee54439218efa55a7a2e0e26e86ad749,userDefined,5cca70246befb1f4c9546d2912b9419dee54439218efa55a7a2e0e26e86ad749,,1
21,0b133c1915919238193454000e5d37,219678,0.1.3.1.1.5.1,5cca70246befb1f4c9546d2912b9419dee54439218efa55a7a2e0e26e86ad749,mc,b1dbd3a649a3cc790fa12573c9c1aa00988e07a8818a2214208b9697238c1b11,,0
22,0b133c1915919238193454000e5d37,219678,0.1.3.1.1.5,5cca70246befb1f4c9546d2912b9419dee54439218efa55a7a2e0e26e86ad749,mc,b1dbd3a649a3cc790fa12573c9c1aa00988e07a8818a2214208b9697238c1b11,,0
23,0b133c1915919238193454000e5d37,219678,0.1.3.1.1.6,5cca70246befb1f4c9546d2912b9419dee54439218efa55a7a2e0e26e86ad749,mc,b1dbd3a649a3cc790fa12573c9c1aa00988e07a8818a2214208b9697238c1b11,,1
24,0b133c1915919238193454000e5d37,219678,0.1.3.1.1.4.1,5cca70246befb1f4c9546d2912b9419dee54439218efa55a7a2e0e26e86ad749,mc,b1dbd3a649a3cc790fa12573c9c1aa00988e07a8818a2214208b9697238c1b11,,0
25,0b133c1915919238193454000e5d37,219678,0.1.3.1.1.4.2,5cca70246befb1f4c9546d2912b9419dee54439218efa55a7a2e0e26e86ad749,mc,b1dbd3a649a3cc790fa12573c9c1aa00988e07a8818a2214208b9697238c1b11,,0
26,0b133c1915919238193454000e5d37,219376,0.1.3.1.4.1.4.1.2.2.2.2.2.3.2,75e56c8fbb9336eb4dd40f5f609d5344203d374d73fd0b8d2bce19f754070f6a,rpc,84f9f68ef003a21288fffe8f9a09a5a29b05f4cc4229b8337d1e3c28b6d07923,59dc80772dd41a20d7033d9c7b0366ce1b44eb070a12a80b068746b1bb7edfe0,-1
27,0b133c1915919238193454000e5d37,219376,0.1.3.1.4.1.4.1.2.2.2.1,75e56c8fbb9336eb4dd40f5f609d5344203d374d73fd0b8d2bce19f754070f6a,rpc,(?),e64265b1b0dc48be6e747fe292e1c13bfae4dbee9e2f05f58c92a1f54776fb0f,1